/vpos_gain_ninv X,/vpos_gain_ninv YRe,/vpos_gain_ninv YReImag,/vpos_gain_ninv_cm X,/vpos_gain_ninv_cm YRe,/vpos_gain_ninv_cm YReImag
1e-06,0.02140552963385252,1.751271201263663,1e-06,-1.087704519003147e-05,5.764474462678497e-06
1.059253725177289e-06,0.02401696153020862,1.855006733528368,1.059253725177289e-06,-1.220402555471945e-05,6.123230509991386e-06
1.122018454301963e-06,0.02694692298917662,1.964882610767992,1.122018454301963e-06,-1.369286439925165e-05,6.506483651234629e-06
1.188502227437018e-06,0.03023425116276643,2.081261470726238,1.188502227437018e-06,-1.53632965316082e-05,6.916295812767575e-06
1.258925411794167e-06,0.03392251446084688,2.204527212646681,1.258925411794167e-06,-1.723746091095455e-05,7.354966068351838e-06
1.333521432163324e-06,0.03806058788780272,2.335086214526026,1.333521432163324e-06,-1.934019300166697e-05,7.82506633395011e-06
1.412537544622754e-06,0.04270329807294456,2.47336861448886,1.412537544622754e-06,-2.16993525356373e-05,8.329483247558375e-06
1.496235656094433e-06,0.04791214636732107,2.619829658580694,1.496235656094433e-06,-2.434619095024132e-05,8.871467364508219e-06
1.584893192461113e-06,0.05375611936733144,2.774951117131057,1.584893192461113e-06,-2.731576324955775e-05,9.454691008582991e-06
1.67880401812256e-06,0.06031259732506414,2.939242771632609,1.67880401812256e-06,-3.064738959954579e-05,1.00833163682179e-05
1.778279410038922e-06,0.06766837212799059,3.113243973802014,1.778279410038922e-06,-3.438517260776383e-05,1.076207572220243e-05
1.8836490894898e-06,0.07592078788878549,3.297525278118732,1.8836490894898e-06,-3.857857689980645e-05,1.149636602918776e-05
1.995262314968879e-06,0.08517901869254331,3.492690148659211,1.995262314968879e-06,-4.328307839561279e-05,1.229236052997197e-05
2.113489039836646e-06,0.09556549971724702,3.699376740434942,2.113489039836646e-06,-4.85608915137908e-05,1.315714050285517e-05
2.238721138568339e-06,0.1072175297881962,3.918259754676383,2.238721138568339e-06,-5.448178349073579e-05,1.409885089430723e-05
2.371373705661654e-06,0.1202890654627541,4.150052366550363,2.371373705661654e-06,-6.112398602420642e-05,1.512688423623999e-05
2.511886431509579e-06,0.1349527289827839,4.395508222618863,2.511886431509579e-06,-6.857521558510325e-05,1.62520980766931e-05
2.660725059798809e-06,0.15140205489261,4.655423503899321,2.660725059798809e-06,-7.69338150065707e-05,1.748707211548344e-05
2.818382931264453e-06,0.1698540028133236,4.930639048619238,2.818382931264453e-06,-8.631003031425796e-05,1.884641237701838e-05
2.985382618917959e-06,0.1905517668010407,5.222042526611393,2.985382618917959e-06,-9.682743825044943e-05,2.034711110028196e-05
3.162277660168379e-06,0.2137679149055631,5.530570654700153,3.162277660168379e-06,-0.000108624541594266,2.200897261748426e-05
3.349654391578276e-06,0.2398078959909302,5.857211439301971,3.349654391578276e-06,-0.0001218565510870368,2.385511737058419e-05
3.548133892335754e-06,0.2690139545783938,6.203006428709299,3.548133892335754e-06,-0.0001366973746786164,2.59125784283536e-05
3.758374042884441e-06,0.3017694984149234,6.569052953035258,3.758374042884441e-06,-0.0001533418368179781,2.821300747321868e-05
3.981071705534972e-06,0.3385039676345569,6.956506324438859,3.981071705534972e-06,-0.0001720081526052846,3.079351029306657e-05
4.216965034285822e-06,0.3796982587285339,7.366581963879072,4.216965034285822e-06,-0.0001929406838415395,3.36976354147683e-05
4.46683592150963e-06,0.4258907610162946,7.800557413092079,4.46683592150963e-06,-0.0002164130063002352,3.697654374060358e-05
4.731512589614804e-06,0.4776840678301367,8.25977418155586,4.731512589614804e-06,-0.0002427313198105333,4.069039199536997e-05
5.011872336272722e-06,0.535752429075645,8.745639367682832,5.011872336272722e-06,-0.0002722382350299667,4.490996857294636e-05
5.308844442309882e-06,0.6008500160496046,9.259626981118878,5.308844442309882e-06,-0.0003053169729063855,4.971862711221432e-05
5.62341325190349e-06,0.6738200731754361,9.803278878555572,5.62341325190349e-06,-0.000342396014764189,5.521457097302077e-05
5.956621435290103e-06,0.7556050343747959,10.37820520858355,5.956621435290103e-06,-0.0003839542424794723,6.151355087602945e-05
6.309573444801931e-06,0.8472576837714583,10.98608424150867,6.309573444801931e-06,-0.0004305266092308566,6.875204848037206e-05
6.683439175686145e-06,0.9499534408563205,11.62866143738198,6.683439175686145e-06,-0.0004827103815156208,7.709103077336766e-05
7.079457843841378e-06,1.065003848541743,12.3077475794136,7.079457843841378e-06,-0.0005411719922485935,8.672037401460421e-05
7.498942093324556e-06,1.193871337959749,13.0252157701119,7.498942093324556e-06,-0.0006066545424429289,9.786407178612495e-05
7.943282347242813e-06,1.338185335491472,13.78299705360523,7.943282347242813e-06,-0.0006799859846934912,0.0001107863596102008
8.41395141645195e-06,1.499759764220072,14.58307438941564,8.41395141645195e-06,-0.0007620880149310082,0.0001257989087340337
8.912509381337454e-06,1.68061197239293,15.42747466032157,8.912509381337454e-06,-0.0008539856889296726,0.0001432692641211758
9.440608762859234e-06,1.882983093892559,16.31825834989376,9.440608762859234e-06,-0.000956817766018666,0.0001636307264230465
9.999999999999999e-06,2.109359808161431,17.25750647408171,9.999999999999999e-06,-0.00107184776334389,0.0001873939045968658
1.059253725177289e-05,2.362497417169448,18.24730429648694,1.059253725177289e-05,-0.001200475678660882,0.0002151601945775279
1.122018454301963e-05,2.645444092156892,19.28972129978291,1.122018454301963e-05,-0.001344250306666713,0.0002476374694441775
1.188502227437018e-05,2.961566059978953,20.38678682787845,1.188502227437018e-05,-0.001504882031693015,0.000285658296961257
1.258925411794167e-05,3.314573394553665,21.54046075747856,1.258925411794167e-05,-0.001684255926541832,0.0003302010298977036
1.333521432163324e-05,3.708545949586796,22.75259850737614,1.333521432163324e-05,-0.001884444921454708,0.0003824141412569323
1.412537544622754e-05,4.147958810772812,24.02490965420072,1.412537544622754e-05,-0.002107722726898229,0.0004436441979008977
1.496235656094433e-05,4.637706380999954,25.35890899320158,1.496235656094433e-05,-0.002356576059245816,0.0005154678702833194
1.584893192461113e-05,5.183124479898216,26.75586161301136,1.584893192461113e-05,-0.002633715854473336,0.0005997284295232417
1.67880401812256e-05,5.790008205724738,28.21671590755054,1.67880401812256e-05,-0.002942086324849597,0.0006985770135215465
1.778279410038923e-05,6.464625071598695,29.7420302652012,1.778279410038923e-05,-0.003284871609945158,0.0008145191208897853
1.8836490894898e-05,7.21372084650976,31.331889173962,1.8836490894898e-05,-0.003665498715351743,0.0009504665249326751
1.99526231496888e-05,8.044515937536293,32.98580931806823,1.99526231496888e-05,-0.004087635638684251,0.001109794754902575
2.113489039836647e-05,8.964689568493474,34.70263548578718,2.113489039836647e-05,-0.004555183286956325,0.001296406086858413
2.23872113856834e-05,9.982349581404382,36.48043013901142,2.23872113856834e-05,-0.005072260079532894,0.001514797877313681
2.371373705661655e-05,11.10598245795859,38.31634967555815,2.371373705661655e-05,-0.005643176489727991,0.001770135337245992
2.51188643150958e-05,12.34438273782532,40.2065203345412,2.51188643150958e-05,-0.00627239910524318,0.00206832811955594
2.66072505979881e-05,13.70655595916508,42.14590801182082,2.66072505979881e-05,-0.00696450122053349,0.002416108895015043
2.818382931264454e-05,15.20159361777732,44.12819324300891,2.818382931264454e-05,-0.007724099195318439,0.00282111215647284
2.98538261891796e-05,16.8385137801947,46.14564660273287,2.98538261891796e-05,-0.008555771343349667,0.003291949955662198
3.16227766016838e-05,18.62606987463948,48.18902642912403,3.16227766016838e-05,-0.009463960632208787,0.003838281996600753
3.349654391578277e-05,20.57252033784031,50.24748895549227,3.349654391578277e-05,-0.01045285747216975,0.004470874803269131
3.548133892335755e-05,22.68536707457988,52.30854082542566,3.548133892335755e-05,-0.01152626663606174,0.005201646605110438
3.758374042884442e-05,24.97105732091557,54.35802246146124,3.758374042884442e-05,-0.01268745556108826,0.006043690982271776
3.981071705534973e-05,27.43466301258916,56.38015438645944,3.981071705534973e-05,-0.01393899119787398,0.00701127552201684
4.216965034285823e-05,30.07953977257627,58.35764005743432,4.216965034285823e-05,-0.01528256648176154,0.008119808614320219
4.466835921509631e-05,32.90698305538124,60.27184595976263,4.466835921509631e-05,-0.01671882533915314,0.009385770776450638
4.731512589614805e-05,35.91589434977177,62.10305848318118,4.731512589614805e-05,-0.01824719278703444,0.0108266062225357
5.011872336272723e-05,39.10248037589969,63.8308274272629,5.011872336272723e-05,-0.01986572178286061,0.01246057407620823
5.308844442309884e-05,42.46000313791352,65.43438676436988,5.308844442309884e-05,-0.02157096590405846,0.01430655917958907
5.623413251903491e-05,45.97860709774137,66.89315103877499,5.623413251903491e-05,-0.02335789120644696,0.01638384771420175
5.956621435290106e-05,49.64524604210172,68.1872726140013,5.956621435290106e-05,-0.02521983873338244,0.01871187584603533
6.309573444801933e-05,53.44371762732682,69.29822306310349,6.309573444801933e-05,-0.02714854173516281,0.02130995880087926
6.683439175686147e-05,57.35483887487068,70.20940006419981,6.683439175686147e-05,-0.02913421450236015,0.02419702209394014
7.07945784384138e-05,61.35674532119515,70.90669510728733,7.07945784384138e-05,-0.03116570402314569,0.02739134353878314
7.498942093324559e-05,65.42532295070559,71.3790073679444,7.498942093324559e-05,-0.03323070909472545,0.03091032845728071
7.943282347242815e-05,69.53476053749934,71.61867079481664,7.943282347242815e-05,-0.03531606058966111,0.03477033685771114
8.413951416451952e-05,73.65817821448913,71.62174379178155,8.413951416451952e-05,-0.03740804041728654,0.03898656806408946
8.912509381337456e-05,77.76833292344536,71.38817618432057,8.912509381337456e-05,-0.03949273948808563,0.04357302943941475
9.440608762859235e-05,81.83832672615699,70.92180324687902,9.440608762859235e-05,-0.04155641705771922,0.04854257764863086
0.0001,85.84231168882654,70.23020051975267,0.0001,-0.04358585822575689,0.05390704977936414
0.0001059253725177289,89.75612058025402,69.32437962957778,0.0001059253725177289,-0.04556869362169085,0.05967746071133422
0.0001122018454301963,93.55782245407754,68.21837499438244,0.0001122018454301963,-0.04749368077372833,0.06586427410278901
0.0001188502227437018,97.22816130669892,66.92873371755925,0.0001188502227437018,-0.04935092589925162,0.07247772346477963
0.0001258925411794167,100.7508519677688,65.47393590104983,0.0001258925411794167,-0.05113203297212705,0.07952815732506334
0.0001333521432163324,104.1127615636436,63.87380380611879,0.0001333521432163324,-0.05283019443149719,0.08702641444587696
0.0001412537544622754,107.3039548954007,62.14891206409613,0.0001412537544622754,-0.05444021251852373,0.09498419540267744
0.0001496235656094434,110.3176098345728,60.32002555182155,0.0001496235656094434,-0.05595845433160485,0.1034144081894428
0.0001584893192461114,113.1498599946061,58.40761008653466,0.0001584893192461114,-0.05738276964505051,0.1123315103269901
0.000167880401812256,115.7995372360009,56.43140164852299,0.000167880401812256,-0.05871235756038788,0.1217517979392685
0.0001778279410038923,118.2678818441282,54.41006822940005,0.0001778279410038923,-0.05994761639773952,0.1316936786243317
0.0001883649089489801,120.558195289775,52.36094182876783,0.0001883649089489801,-0.06108996409452325,0.142177880966604
0.000199526231496888,122.6755101950402,50.29984486150931,0.000199526231496888,-0.06214166693222853,0.1532276595621168
0.0002113489039836647,124.6262402184932,48.24097822017011,0.0002113489039836647,-0.06310565767742182,0.1648689422292887
0.000223872113856834,126.4178673262911,46.19688206394383,0.000223872113856834,-0.06398537220190412,0.1771304749706747
0.0002371373705661656,128.0586310931169,44.17844019263038,0.0002371373705661656,-0.06478458667088957,0.1900439151944884
0.0002511886431509581,129.5572755870198,42.19493675808274,0.0002511886431509581,-0.06550728335120548,0.2036439433813174
0.000266072505979881,130.922811739546,40.25413738623862,0.000266072505979881,-0.06615752366955159,0.217968338995157
0.0002818382931264454,132.1643362242093,38.36239950725762,0.0002818382931264454,-0.06673934919430927,0.2330580848129897
0.0002985382618917959,133.2908556969881,36.52478736589455,0.0002985382618917959,-0.06725668458876786,0.2489574250626989
0.0003162277660168379,134.3111743560106,34.74520380401599,0.0003162277660168379,-0.06771327171915269,0.2657139795420711
0.0003349654391578277,135.233783678046,33.02651567500187,0.0003349654391578277,-0.06811260390438052,0.2833788186455738
0.0003548133892335755,136.0668063040966,31.37068430696778,0.0003548133892335755,-0.06845788639236104,0.3020066036417128
0.0003758374042884442,136.8179306805625,29.77888216264231,0.0003758374042884442,-0.06875199094901278,0.3216556781444488
0.0003981071705534973,137.4943901209892,28.25160826426691,0.0003981071705534973,-0.06899743139799591,0.3423882268930372
0.0004216965034285823,138.1029452190952,26.78879147592163,0.0004216965034285823,-0.06919633925537595,0.3642704277676889
0.0004466835921509632,138.6498732883755,25.38988325214182,0.0004466835921509632,-0.06935044108616205,0.3873726055819486
0.0004731512589614805,139.1409828610383,24.05394362583196,0.0004731512589614805,-0.06946104639331478,0.4117694434951043
0.0005011872336272723,139.5816226035163,22.77971485847057,0.0005011872336272723,-0.06952903035576827,0.4375401815819102
0.0005308844442309884,139.9766971683142,21.56568636851785,0.0005308844442309884,-0.06955481745378832,0.4647688363465988
0.0005623413251903491,140.3306917592297,20.41015188616329,0.0005623413251903491,-0.06953836649111647,0.4935444550823681
0.0005956621435290105,140.647696200073,19.31125813899315,0.0005956621435290105,-0.06947915201241793,0.5239613829821042
0.0006309573444801932,140.9314321305572,18.26704662178123,0.0006309573444801932,-0.06937614355609546,0.5561195582454308
0.0006683439175686146,141.1852732137292,17.27548795327435,0.0006683439175686146,-0.06922777721581744,0.5901247998960039
0.0007079457843841379,141.4122766529779,16.33451213171401,0.0007079457843841379,-0.06903192809355325,0.6260891603264533
0.0007498942093324559,141.6152009485776,15.44203211511416,0.0007498942093324559,-0.06878587064396929,0.6641312472539158
0.0007943282347242815,141.7965444485159,14.59596558669552,0.0007943282347242815,-0.06848624323421268,0.7043766654217274
0.0008413951416451951,141.9585513511013,13.79424938637509,0.0008413951416451951,-0.06812899011503246,0.7469583417853525
0.0008912509381337456,142.1032448899432,13.0348539336366,0.0008912509381337456,-0.06770930913090567,0.7920170055317588
0.0009440608762859234,142.2324431695877,12.31579312202985,0.0009440608762859234,-0.06722158256433386,0.8397016212090254
0.001,142.3477832675394,11.63513281392827,0.001,-0.06665930246946278,0.8901699019261995
0.001059253725177289,142.4507279264191,10.99099598341997,0.001059253725177289,-0.06601497718058924,0.9435887571458158
0.001122018454301963,142.5425907862135,10.38156794733741,0.001122018454301963,-0.06528003468482366,1.000134886930106
0.001188502227437019,142.6245535356882,9.805099509173878,0.001188502227437019,-0.06444470873901657,1.059995378830214
0.001258925411794167,142.6976702228949,9.259908159871312,0.001258925411794167,-0.06349790414480991,1.123368254675178
0.001333521432163324,142.7628852931117,8.744379471026125,0.001333521432163324,-0.06242705160077267,1.190463153564977
0.001412537544622754,142.8210448033829,8.256967260715472,0.001412537544622754,-0.06121794056327304,1.261502017214809
0.001496235656094434,142.8729007475175,7.796192821501167,0.001496235656094434,-0.05985452806115326,1.336719760592648
0.001584893192461114,142.9191300726631,7.3606445756643,0.001584893192461114,-0.05831873023568312,1.4163651203498
0.00167880401812256,142.9603382759036,6.948976446593137,0.00167880401812256,-0.05659018056771503,1.500701426637214
0.001778279410038923,142.9970600235474,6.559905925088962,0.001778279410038923,-0.05464595756047787,1.590007381618526
0.001883649089489801,143.0297796268063,6.192212903600379,0.001883649089489801,-0.05246028696589718,1.684578101774634
0.00199526231496888,143.0589227236126,5.844736983205944,0.00199526231496888,-0.05000419538617093,1.784725913568341
0.002113489039836647,143.0848755057395,5.516375963850986,0.002113489039836647,-0.04724513258075451,1.890781514466575
0.00223872113856834,143.1079780504353,5.206083145867389,0.00223872113856834,-0.0441465373634876,2.003094894576989
0.002371373705661655,143.1285310003296,4.912865223843296,0.002371373705661655,-0.04066735625519847,2.122036468099569
0.00251188643150958,143.1468103961276,4.635780411720013,0.00251188643150958,-0.03676150525181897,2.24799840849943
0.00266072505979881,143.1630550548689,4.373935630629785,0.00266072505979881,-0.03237725771157901,2.381395654796448
0.002818382931264454,143.1774789400728,4.126484628478535,0.002818382931264454,-0.02745656607491535,2.522667340443055
0.00298538261891796,143.1902708209362,3.892625748501577,0.00298538261891796,-0.02193429823605178,2.672278109046629
0.00316227766016838,143.2016046694679,3.671599981921954,0.00316227766016838,-0.01573738208527582,2.83071969704234
0.003349654391578277,143.2116277509803,3.462688567511629,0.003349654391578277,-0.008783844786575415,2.998512178842869
0.003548133892335755,143.2204736073161,3.26521131611656,0.003548133892335755,-0.0009817401716691737,3.176205741976459
0.003758374042884443,143.2282592557802,3.078524591594426,0.003758374042884443,0.007772055141078468,3.364382247167558
0.003981071705534973,143.2350884207436,2.902019533669526,0.003981071705534973,0.01759318895542733,3.563656981240984
0.004216965034285824,143.2410529751612,2.73512032103545,0.004216965034285824,0.02861134186826482,3.774680452616336
0.004466835921509632,143.2462324448478,2.577282486107114,0.004466835921509632,0.04097191480811928,3.998140208727773
0.004731512589614806,143.2506927766078,2.427991316013924,0.004731512589614806,0.05483791576253172,4.234762687642527
0.005011872336272724,143.2545034974814,2.286760646963416,0.005011872336272724,0.07039207725599606,4.485315687887138
0.005308844442309884,143.2577103438267,2.153130985165568,0.005308844442309884,0.08783920647755428,4.750609598874547
0.005623413251903492,143.2603631265736,2.026668651216376,0.005623413251903492,0.1074088335646507,5.031500315019874
0.005956621435290106,143.2624980195918,1.906964258252333,0.005956621435290106,0.1293581481819882,5.328890811923329
0.006309573444801934,143.2641479887314,1.793631718408851,0.006309573444801934,0.1539752929179771,5.643733642001699
0.006683439175686147,143.2653393623653,1.686307118814107,0.006683439175686147,0.1815830287027537,5.977032993573316
0.00707945784384138,143.2660941250019,1.584647756068138,0.00707945784384138,0.2125428261058067,6.329846946979617
0.00749894209332456,143.2664298463989,1.488331210790323,0.00749894209332456,0.2472594216814329,6.703289618498355
0.007943282347242817,143.2663602259375,1.397054497862139,0.007943282347242817,0.2861858912729578,7.098533269676961
0.008413951416451954,143.2658955687997,1.310533275297636,0.008413951416451954,0.3298292935398164,7.516810320561962
0.008912509381337459,143.2650387123829,1.228501066103601,0.008912509381337459,0.3787569299736164,7.959414972088423
0.009440608762859237,143.2638045721597,1.150708722196707,0.009440608762859237,0.4336033575070673,8.427705936675837
0.01,143.2621906855227,1.076923492422826,0.01,0.4950780361559513,8.92310624255439
0.01059253725177289,143.2602003221659,1.006928560813794,0.01059253725177289,0.5639739386741001,9.447105555032772
0.01122018454301964,143.2578338507498,0.9405223067507187,0.01122018454301964,0.6411769847963003,10.0012603323009
0.01188502227437019,143.2550893650359,0.8775176251271231,0.01188502227437019,0.7276764804486017,10.58719392557736
0.01258925411794168,143.2519772045964,0.8177412807102016,0.01258925411794168,0.8245767012239067,11.20659709313589
0.01333521432163325,143.2484975696701,0.7610329770919452,0.01333521432163325,0.9331094432375431,11.86122501119107
0.01412537544622755,143.2446509968447,0.7072445598024663,0.01412537544622755,1.054647941973278,12.55289554035881
0.01496235656094434,143.2404545859007,0.6562391268189313,0.01496235656094434,1.190722182117271,13.28348706854036
0.01584893192461114,143.2359166614863,0.6078898370823413,0.01584893192461114,1.343035281289509,14.0549313102072
0.01678804018122561,143.2310476435738,0.5620788062461448,0.01678804018122561,1.513481515640319,14.86920729061435
0.01778279410038924,143.2258765878673,0.5186959056205339,0.01778279410038924,1.704165919722097,15.72833418681037
0.01883649089489802,143.2204231981714,0.4776373204812628,0.01883649089489802,1.917424871409961,16.63435713121235
0.01995262314968881,143.2147110910548,0.4388042322475825,0.01995262314968881,2.155848448204646,17.58933411436213
0.02113489039836648,143.2087838325052,0.4021014810396713,0.02113489039836648,2.422304231232495,18.59532032537111
0.02238721138568341,143.2026687736287,0.3674361312490759,0.02238721138568341,2.719961423720678,19.65434207570827
0.02371373705661657,143.1964156813806,0.3347163443848198,0.02371373705661657,3.052316955716597,20.76837540227262
0.02511886431509582,143.1900631169188,0.3038502168693992,0.02511886431509582,3.423220832112537,21.93931014957637
0.02660725059798812,143.183651268803,0.2747449380325426,0.02660725059798812,3.836902137626252,23.16891400996281
0.02818382931264456,143.17723428562,0.2473061641504156,0.02818382931264456,4.297994416253735,24.45879040426886
0.02985382618917962,143.1708488576266,0.2214375859716252,0.02985382618917962,4.811558125989797,25.81032173509363
0.03162277660168382,143.16454699501,0.1970408535017443,0.03162277660168382,5.383101962056642,27.22461489578061
0.03349654391578279,143.1583601675399,0.1740156597008234,0.03349654391578279,6.018597742619578,28.70242609017155
0.03548133892335757,143.152334729955,0.1522601208645652,0.03548133892335757,6.724491640125968,30.24408910562064
0.03758374042884444,143.1464943552909,0.1316712605092298,0.03758374042884444,7.507704447770291,31.84941985859991
0.03981071705534975,143.1408763625657,0.11214567077613,0.03981071705534975,8.375624355085973,33.51762592160554
0.04216965034285826,143.135499161286,0.09358019484101916,0.04216965034285826,9.336083097305035,35.24719214321208
0.04466835921509635,143.130375947242,0.07587264843136433,0.04466835921509635,10.39731763475219,37.03576735092504
0.04731512589614809,143.125528616643,0.05892249032479151,0.04731512589614809,11.56791237962651,38.88004514186289
0.05011872336272727,143.120959781725,0.04263141971617479,0.05011872336272727,12.85671480658862,40.77562939277119
0.05308844442309888,143.116669297514,0.02690387219743514,0.05308844442309888,14.27272683522012,42.71690993655083
0.05623413251903496,143.1126650513866,0.01164738392085993,0.05623413251903496,15.82496591107139,44.69694160420312
0.0595662143529011,143.1089382122465,-0.003227151813297196,0.0595662143529011,17.52228916915333,46.70732253948474
0.06309573444801939,143.1054815736653,-0.0178053725057588,0.06309573444801939,19.3731865346538,48.73810254701907
0.06683439175686152,143.1022809398645,-0.03216943703760244,0.06683439175686152,21.3855355770326,50.77770968695462
0.07079457843841386,143.0993340804959,-0.04639814653570534,0.07079457843841386,23.56632628216687,52.81292254504297
0.07498942093324565,143.0966235549832,-0.06056710455826638,0.07498942093324565,25.92134951445694,54.82887339520719
0.07943282347242822,143.0941356016803,-0.07474899576324072,0.07943282347242822,28.45486956452012,56.80912514269408
0.08413951416451959,143.0918559293884,-0.08901389677809195,0.08413951416451959,31.16928183531047,58.73580828767867
0.08912509381337463,143.0897700013141,-0.1034296316532551,0.08912509381337463,34.06477383066885,60.58983566260457
0.09440608762859243,143.0878587756957,-0.1180621450553262,0.09440608762859243,37.13900547527456,62.35119666941821
0.1000000000000001,143.0861172591658,-0.1329759386218908,0.1000000000000001,40.38683642583196,63.99934371822076
0.105925372517729,143.084527129754,-0.1482344224054962,0.105925372517729,43.80010533095376,65.51363641725187
0.1122018454301965,143.0830752063858,-0.1639003577505321,0.1122018454301965,47.36750626091371,66.87387161558703
0.118850222743702,143.0817489832025,-0.1800362512811454,0.118850222743702,51.07456576464524,68.06085164670512
0.1258925411794168,143.0805366346127,-0.196704749642912,0.1258925411794168,54.90374313131137,69.05697755950924
0.1333521432163325,143.0794270804059,-0.2139690243243578,0.1333521432163325,58.83466208774514,69.84683518927193
0.1412537544622756,143.0784099585408,-0.2318931450637972,0.1412537544622756,62.84447452028519,70.41774034642224
0.1496235656094435,143.0774755963911,-0.2505424416493082,0.1496235656094435,66.90834704462786,70.76020895189009
0.1584893192461115,143.0766149998689,-0.2699838545109447,0.1584893192461115,71.0000511971394,70.86832059984926
0.1678804018122562,143.0758197927778,-0.2902862748277608,0.1678804018122562,75.09262894678687,70.73994994255433
0.1778279410038925,143.0750821325384,-0.3115208755476371,0.1778279410038925,79.1590983987813,70.37684911845388
0.1883649089489803,143.0743946986689,-0.3337614353868956,0.1883649089489803,83.17316084907488,69.78457518658685
0.1995262314968882,143.0737505747947,-0.3570846573273662,0.1995262314968882,87.10987007862788,68.97226781175023
0.2113489039836649,143.0731432219188,-0.3815704845563104,0.2113489039836649,90.94622850514411,67.95229342452078
0.2238721138568342,143.0725663865733,-0.407302415821492,0.2238721138568342,94.66168130224175,66.73978084613717
0.2371373705661658,143.0720140230157,-0.4343678230233879,0.2371373705661658,98.23848864823771,65.35207964819062
0.2511886431509583,143.0714802533564,-0.4628582737670615,0.2511886431509583,101.6619662497339,63.80817539276622
0.2660725059798812,143.0709546673559,-0.4928698288421238,0.2660725059798812,104.9205907107971,62.12809349978128
0.2818382931264457,143.0704407038277,-0.5245035085817787,0.2818382931264457,108.0059987825186,60.33233435835269
0.2985382618917963,143.069927927259,-0.5578654571501278,0.2985382618917963,110.9128457413049,58.44133479041868
0.3162277660168383,143.069410413474,-0.5930674314432888,0.3162277660168383,113.6386097623002,56.47501495479764
0.3349654391578281,143.0688820418266,-0.630227152562495,0.3349654391578281,116.1833147668358,54.45239202087486
0.3548133892335759,143.0683364511678,-0.6694687059251559,0.3548133892335759,118.5492140158597,52.39127805581203
0.3758374042884446,143.0677669604833,-0.7109229609362118,0.3758374042884446,120.7404518905876,50.30805953923306
0.3981071705534977,143.0671664848145,-0.7547280120201297,0.3981071705534977,122.7627219094329,48.21755353661843
0.4216965034285827,143.0665274533861,-0.8010296426696395,0.4216965034285827,124.6229355922571,46.13293239370883
0.4466835921509636,143.0658417210329,-0.8499818140460996,0.4466835921509636,126.3289131399492,44.065706916441
0.473151258961481,143.0651004874851,-0.9017471798666401,0.473151258961481,127.8891034280207,42.02575721651257
0.5011872336272729,143.0642941288994,-0.956497628356343,0.5011872336272729,129.3123376034589,40.02140045241246
0.530884444230989,143.0634121602969,-1.014414854892,0.530884444230989,130.6076182557971,38.05948550337996
0.5623413251903497,143.0624430286369,-1.075690964414498,0.5623413251903497,131.7839436346188,36.14550557900922
0.5956621435290111,143.061374017742,-1.140529108033455,0.5956621435290111,132.8501654154978,34.28372126835854
0.630957344480194,143.0601910587643,-1.209144153794856,0.630957344480194,133.8148770803988,32.47728778351055
0.6683439175686154,143.0588785383554,-1.281763394466775,0.6683439175686154,134.6863296627053,30.72838157876804
0.7079457843841388,143.0574191178533,-1.358627294703129,0.7079457843841388,135.4723712818056,29.03832272297152
0.7498942093324568,143.0557935136528,-1.439990279239267,0.7498942093324568,136.1804068222596,27.40769045258165
0.7943282347242825,143.0539802043417,-1.526121563811528,0.7943282347242825,136.8173742877829,25.83643023020705
0.8413951416451961,143.0519551791673,-1.617306032744882,0.8413951416451961,137.3897347765034,24.32395137858823
0.8912509381337467,143.0496916298112,-1.713845164410799,0.8912509381337467,137.9034731588815,22.8692148761465
0.9440608762859246,143.0471595577517,-1.81605800643997,0.9440608762859246,138.3641069661882,21.47081133828274
1.000000000000001,143.04432541833,-1.924282205264778,1.000000000000001,138.7767015027413,20.12702953127483
1.05925372517729,143.0411516548881,-2.038875090202312,1.05925372517729,139.1458892802683,18.83591592597182
1.122018454301965,143.0375962193624,-2.160214816345096,1.122018454301965,139.475892420566,17.59532596460402
1.18850222743702,143.0336120021482,-2.288701567478235,1.18850222743702,139.7705467845103,16.40296775496387
1.258925411794169,143.0291462111665,-2.42475882237188,1.258925411794169,140.0333269420069,15.25643894606826
1.333521432163326,143.0241397077738,-2.56883468738419,1.333521432163326,140.267371273992,14.1532575243762
1.412537544622756,143.0185261726525,-2.721403294764948,1.412537544622756,140.4755065393514,13.090887226955
1.496235656094435,143.0122312723184,-2.882966273049608,1.496235656094435,140.6602716746477,12.06675825332274
1.584893192461116,143.0051716735832,-3.054054288075529,1.584893192461116,140.8239403947084,11.07828387156587
1.678804018122563,142.9972539405674,-3.235228657130057,1.678804018122563,140.9685424388292,10.12287347814038
1.778279410038925,142.9883733238314,-3.427083038090994,1.778279410038925,141.0958833569775,9.197942609555492
1.883649089489803,142.9784123474884,-3.630245191529369,1.883649089489803,141.2075626853091,8.300920342715109
1.995262314968882,142.967239318277,-3.845378820240152,1.995262314968882,141.3049906192016,7.4292544817453
2.113489039836649,142.9547065880359,-4.073185480316926,2.113489039836649,141.3894030358439,6.58041486343862
2.238721138568343,142.9406486109188,-4.31440656339347,2.238721138568343,141.461874948984,5.751895083634077
2.371373705661658,142.9248797871599,-4.569825347234358,2.371373705661658,141.5233324461925,4.941212903430497
2.511886431509583,142.9071920904127,-4.840269110934612,2.511886431509583,141.5745631750454,4.145909559121508
2.660725059798813,142.8873523080936,-5.126611301130588,2.660725059798813,141.6162252848875,3.363548167424615
2.818382931264457,142.8650990819822,-5.429773749615111,2.818382931264457,141.6488550886021,2.591711399904038
2.985382618917963,142.8401395171271,-5.750728921027306,2.985382618917963,141.6728732940169,1.827998569764607
3.162277660168383,142.8121454059825,-6.090502178282406,3.162277660168383,141.6885899296998,1.070022263474804
3.349654391578281,142.7807490714791,-6.450174048760049,3.349654391578281,141.696208044735,0.3154046319375882
3.548133892335759,142.7455386562573,-6.8308824589168,3.548133892335759,141.695826083399,-0.4382265530717114
3.758374042884447,142.7060529082977,-7.233824911804517,3.758374042884447,141.6874390530318,-1.193241979361781
3.981071705534978,142.6617753989056,-7.660260569515483,3.981071705534978,141.6709384857002,-1.952014919425043
4.216965034285828,142.6121280419389,-8.111512189016041,4.216965034285828,141.6461111230681,-2.716925306233992
4.466835921509636,142.5564639195524,-8.588967859574462,4.466835921509636,141.6126363849124,-3.490363667499297
4.73151258961481,142.4940593525938,-9.094082475156348,4.73151258961481,141.5700826106648,-4.274734821725712
5.011872336272728,142.4241050405292,-9.628378851459029,5.011872336272728,141.5179019464692,-5.072461225177175
5.308844442309889,142.3456963189017,-10.19344840021426,5.308844442309889,141.45542396804,-5.885985858419432
5.623413251903497,142.2578223844492,-10.79095123906817,5.623413251903497,141.3818479290844,-6.717774518473287
5.956621435290111,142.1593544383728,-11.42261560246558,5.956621435290111,141.2962336212653,-7.570317369485083
6.309573444801939,142.0490326133288,-12.09023638532191,6.309573444801939,141.1974907439168,-8.446129576789573
6.683439175686153,141.9254516542917,-12.79567263301512,6.683439175686153,141.0843667826881,-9.347750830392668
7.079457843841386,141.7870453605338,-13.54084376551,7.079457843841386,140.9554334304221,-10.27774354016391
7.498942093324565,141.6320694818184,-14.32772424472322,7.498942093324565,140.8090712684306,-11.23868941604467
7.943282347242823,141.4585833599166,-15.15833642669014,7.943282347242823,140.6434530189709,-12.23318416594395
8.41395141645196,141.2644300108954,-16.03474121571788,8.41395141645196,140.4565250849299,-13.26382993643889
8.912509381337465,141.0472148260795,-16.95902614571944,8.912509381337465,140.2459875708051,-14.33322511941196
9.440608762859243,140.8042828897222,-17.93329043078115,9.440608762859243,140.00927279834,-15.44395107106506
10.00000000000001,140.5326950700962,-18.95962648511579,10.00000000000001,139.7435224864535,-16.59855524646139
10.5925372517729,140.2292030316492,-20.0400973402813,10.5925372517729,139.4455637546119,-17.79953018286995
11.22018454301964,139.8902234879975,-21.1767093426704,11.22018454301964,139.1118842787517,-19.04928771943134
11.8850222743702,139.5118120960819,-22.37137945456501,11.8850222743702,138.7386070078005,-20.35012778226589
12.58925411794168,139.0896375457718,-23.62589643804688,12.58925411794168,138.3214650009396,-21.70420102039984
13.33521432163325,138.6189565763346,-24.94187517034149,13.33521432163325,137.855777120999,-23.11346454745614
14.12537544622756,138.094590854862,-26.32070332884112,14.12537544622756,137.3364255211078,-24.57963003394402
14.96235656094435,137.5109069363793,-27.76347971825695,14.96235656094435,136.7578361441057,-26.10410342858862
15.84893192461115,136.8618007420184,-29.27094356510163,15.84893192461115,136.1139636689871,-27.68791564047611
16.78804018122562,136.1406883492964,-30.84339424266415,16.78804018122562,135.3982826938078,-29.33164365042506
17.78279410038925,135.3405052650127,-32.48060110825235,17.78279410038925,134.6037873184213,-31.03532173714534
18.83649089489802,134.4537166872216,-34.18170343575476,18.83649089489802,133.7230016240409,-32.7983428037515
19.95262314968882,133.4723415939903,-35.94510084187952,19.95262314968882,132.7480038756318,-34.61935020350081
21.13489039836649,132.3879939077501,-37.76833519900075,21.13489039836649,131.6704676817024,-36.49612105421074
22.38721138568341,131.1919441817269,-39.64796573212794,22.38721138568341,130.481723542263,-38.42544273227648
23.71373705661657,129.8752055261741,-41.57943994738918,23.71373705661657,129.1728444852966,-40.40298518092931
25.11886431509582,128.4286473446997,-43.55696407061883,25.11886431509582,127.7347593450479,-42.42317269411105
26.60725059798812,126.8431402419837,-45.5733779343995,26.60725059798812,126.1583970273717,-44.47906008965536
28.18382931264456,125.1097349621385,-47.6200406684687,28.18382931264456,124.4348646079236,-46.56221959365111
29.85382618917962,123.2198769353039,-49.68673482889687,29.85382618917962,122.5556608337519,-48.66264603328331
31.62277660168382,121.1656568074614,-51.76159810719153,31.62277660168382,120.5129254028577,-50.76868943065301
33.49654391578279,118.9400949865051,-53.8310927539334,33.49654391578279,118.2997220665188,-52.86702508003048
35.48133892335758,116.5374557300188,-55.88002363213103,35.48133892335758,115.9103511050703,-54.94267196627707
37.58374042884445,113.9535830957083,-57.891615859159,37.58374042884445,113.3406835404065,-56.97907042583601
39.81071705534976,111.1862475021879,-59.84766214117776,39.81071705534976,110.588505894285,-58.95822910141653
42.16965034285826,108.2354880792429,-61.72874803663122,42.16965034285826,107.6538607521575,-60.86094938352532
44.66835921509635,105.1039323532589,-63.5145600153658,44.66835921509635,104.5393647780649,-62.66713218105548
47.31512589614809,101.7970721923593,-65.18427671855555,47.31512589614809,101.2504832191822,-64.35616742477661
50.11872336272727,98.32347331151445,-66.71703800648807,50.11872336272727,97.79573832293315,-65.90740092095804
53.08844442309888,94.69489574589129,-68.09247966622397,53.08844442309888,94.18682919692753,-67.30066649352132
56.23413251903496,90.92630496031003,-69.29131458318214,56.23413251903496,90.43864288932734,-68.51686432321689
59.5662143529011,87.03575805880034,-70.29593471151618,59.5662143529011,86.56914123771429,-69.53855995712891
63.09573444801938,83.04415632942928,-71.0910026068063,63.09573444801938,82.59911476897774,-70.35057292153095
66.83439175686152,78.97486446554524,-71.6639983524541,66.83439175686152,78.55180398998289,-70.94052095355572
70.79457843841385,74.85320669270982,-72.00568725657709,70.79457843841385,74.45239824349349,-71.29928541578502
74.98942093324564,70.70586023303065,-72.11047682225382,74.98942093324564,70.32743245146945,-71.42136656664603
79.43282347242821,66.56017552352904,-71.97663782313316,79.43282347242821,66.20411100442963,-71.30510365463272
84.13951416451957,62.44345925779634,-71.60637336193385,84.13951416451957,62.10959467231454,-70.95274380145865
89.12509381337462,58.38225987883046,-71.00573090167781,89.12509381337462,58.07028995189483,-70.37035469130096
94.4060876285924,54.40169484047489,-70.18436368626891,94.4060876285924,54.11117995681966,-69.56758744905493
100.0000000000001,50.52485510087359,-69.15515886328996,100.0000000000001,50.25523212317711,-68.55730692786025
105.925372517729,46.77231526382202,-67.93375842138158,105.925372517729,46.52291099376241,-67.35511537839969
112.2018454301964,43.16176859007395,-66.53800500922895,112.2018454301964,42.93181519986021,-65.97880139506408
118.8502227437019,39.70779592149274,-64.98734732654344,118.8502227437019,39.49644763490023,-64.4477486433115
125.8925411794168,36.42176761179479,-63.30223914137845,125.8925411794168,36.22811791871162,-62.78233823984438
133.3521432163325,33.31186884210501,-61.50356245152336,133.3521432163325,33.1349675823866,-61.00337513977734
141.2537544622755,30.38323201297639,-59.61209986879377,141.2537544622755,30.22210175322203,-59.13156347501151
149.6235656094434,27.63815550709479,-57.64807448395399,149.6235656094434,27.49180674533825,-57.18704900386573
158.4893192461114,25.07638613084186,-55.63076850511249,158.4893192461114,24.94383098624711,-55.18903990439659
167.8804018122561,22.69544263289411,-53.57822533581044,167.8804018122561,22.57570679913986,-53.1555105528856
177.8279410038924,20.49095945154093,-51.50703410247005,177.8279410038924,20.38309230473727,-51.10298730281146
188.3649089489802,18.457032728652,-49.43219122699485,188.3649089489802,18.36011557726617,-49.04641088946747
199.5262314968881,16.58655413291021,-47.36703056480111,199.5262314968881,16.49970667496089,-46.99906702639475
211.3489039836648,14.87152171320446,-45.32321182493985,211.3489039836648,14.79390682398219,-44.97257496586316
223.8721138568341,13.30332051123404,-43.3107562789891,223.8721138568341,13.23414752393428,-42.97692308945597
237.1373705661657,11.87296877041012,-41.33811891895036,237.1373705661657,11.81149543447792,-41.02054074752897
251.1886431509582,10.57132815870139,-39.4122869965158,251.1886431509582,10.5168614692186,-39.11039633427995
266.0725059798812,9.389278433283948,-37.53889603768078,266.0725059798812,9.341174522449608,-37.25211274051401
281.8382931264456,8.317858434819682,-35.72235578698229,281.8382931264456,8.275521706440324,-35.45009267916869
298.5382618917962,7.348376267802758,-33.96597994406196,298.5382618917962,7.311257940364776,-33.70764777949556
316.2277660168382,6.47249208097927,-32.27211490611032,316.2277660168382,6.440088286530867,-32.0271266893777
334.9654391578279,5.682277094544775,-30.64226395414136,334.9654391578279,5.654126661017237,-30.41003864305963
354.8133892335757,4.970252511481736,-29.07720438172464,354.8133892335757,4.945934536530996,-28.85717000653333
375.8374042884444,4.329411772886754,-27.57709595110925,375.8374042884444,4.308543078740708,-27.36869219435152
398.1071705534975,3.753229331581712,-26.14157977206522,398.1071705534975,3.735461873317763,-25.94426005820688
421.6965034285825,3.235658774167413,-24.7698672530337,421.6965034285825,3.220677058633348,-24.5831003988878
446.6835921509634,2.771122753979737,-23.46081918567124,446.6835921509634,2.758641313336128,-23.28409066249939
473.1512589614807,2.354496832817176,-22.21301531970476,473.1512589614807,2.344257785404413,-22.04582817606821
501.1872336272725,1.981088984225155,-21.02481498327078,501.1872336272725,1.97285970603819,-20.86669047483433
530.8844442309886,1.646616196035402,-19.89440942527774,530.8844442309886,1.640187118362953,-19.74488739424164
562.3413251903494,1.347179330227366,-18.81986662081587,562.3413251903494,1.342361872789311,-18.6785056637677
595.6621435290108,1.079237155156191,-17.79916929936743,595.6621435290108,1.075861799156119,-17.66554675835855
630.9573444801936,0.8395802583981578,-16.83024694471566,630.9573444801936,0.8374947601029551,-16.70395875243112
668.343917568615,0.6253053752394038,-15.91100248247266,668.343917568615,0.6243731178238094,-15.7916628886
707.9457843841383,0.4337905375610184,-15.03933432189752,707.9457843841383,0.4338890167543053,-14.9265755242995
749.8942093324562,0.2626712431062527,-14.21315438199188,749.8942093324562,0.2636906812699789,-14.10662608296355
794.3282347242819,0.1098180230427084,-13.43040262157198,794.3282347242819,0.1116601038591786,-13.32977152677597
841.3951416451955,-0.0266847455950794,-12.6890586238845,841.3951416451955,-0.02410802824754284,-12.59400789861868
891.250938133746,-0.1485585270997783,-11.98715063894894,891.250938133746,-0.1453259143161491,-11.89737933433439
944.0608762859239,-0.2573488853921529,-11.32276248950164,944.0608762859239,-0.2535308001225509,-11.23798494904276
1000.000000000001,-0.35444232073556,-10.69403867806876,1000.000000000001,-0.3501017240371482,-10.61398393328254
1059.253725177289,-0.4410817292821653,-10.09918799041248,1059.253725177289,-0.4362748933585919,-10.02359915269134
1122.018454301964,-0.5183805459281947,-9.536485850293099,1122.018454301964,-0.5131577510478317,-9.465119504846205
1188.502227437019,-0.5873356414566849,-9.004275644332786,1188.502227437019,-0.5817418034583703,-8.936901250923245
1258.925411794168,-0.6488390470668298,-8.50096920371411,1258.925411794168,-0.6429142817766323,-8.437368507951469
1333.521432163325,-0.7036886112554829,-8.025046603661805,1333.521432163325,-0.6974687415201053,-7.965013061786435
1412.537544622755,-0.7525976062273947,-7.575055410598847,1412.537544622755,-0.7461146173114733,-7.518393630039673
1496.235656094434,-0.7962034490300236,-7.149609497398036,1496.235656094434,-0.7894858970531284,-7.096134694773146
1584.893192461114,-0.8350755455568618,-6.747387516862148,1584.893192461114,-0.8281489237470945,-6.696924994646228
1678.804018122562,-0.869722373075739,-6.36713111613275,1678.804018122562,-0.8626094399041317,-6.319515758804336
1778.279410038924,-0.9005978252358979,-6.007642956436098,1778.279410038924,-0.8933188984620836,-5.962718746603636
1883.649089489802,-0.9281069369926481,-5.667784595701237,1883.649089489802,-0.9206801569085294,-5.625404150428718
1995.262314968881,-0.9526110187689275,-5.346474277694358,1995.262314968881,-0.9450525838343334,-5.306498405042081
2113.489039836648,-0.9744322420083035,-5.042684665318705,2113.489039836648,-0.9667566198739432,-5.004981940938058
2238.721138568341,-0.9938577722783305,-4.755440548913429,2238.721138568341,-0.9860778885787873,-4.719886912397333
2371.373705661657,-1.011143442375485,-4.483816553540895,2371.373705661657,-1.003270849830365,-4.4502949241236
2511.886431509582,-1.026517060241852,-4.226934864996858,2511.886431509582,-1.018562089983173,-4.195334776117482
2660.725059798812,-1.040181333310589,-3.983962990668147,2660.725059798812,-1.03215323057429,-3.954180242842024
2818.382931264456,-1.052316520433324,-3.754111565845935,2818.382931264456,-1.044223565994788,-3.726047897259475
2985.382618917962,-1.063082748092962,-3.536632216324457,2985.382618917962,-1.054932367368066,-3.51019499052096
3162.277660168382,-1.072622107769676,-3.330815487268171,3162.277660168382,-1.064420968688376,-3.305917397255632
3349.65439157828,-1.081060501732519,-3.135988831502309,3349.65439157828,-1.072814602792921,-3.112547619689675
3548.133892335758,-1.088509292654355,-2.951514677892372,3548.133892335758,-1.080224042199,-2.929452871131126
3758.374042884445,-1.095066755657655,-2.776788569219882,3758.374042884445,-1.086747043469662,-2.756033228325744
3981.071705534976,-1.100819371323496,-2.611237375050711,3981.071705534976,-1.092469633391516,-2.59171985815668
4216.965034285826,-1.105842957199839,-2.454317580355577,4216.965034285826,-1.097467234555369,-2.435973319454897
4466.835921509634,-1.11020367032101,-2.305513648478893,4466.835921509634,-1.101805662640565,-2.288281938539683
4731.512589614808,-1.113958877161609,-2.164336456542832,4731.512589614808,-1.105541991882141,-2.148160256599631
5011.872336272727,-1.117157915470043,-2.030321807618464,5011.872336272727,-1.108725313008754,-2.015147553222379
5308.844442309888,-1.119842749697623,-1.903029009076459,5308.844442309888,-1.111397385378141,-1.888806435571613
5623.413251903496,-1.122048533161617,-1.782039525387494,5623.413251903496,-1.113593196370609,-1.768721501425607
5956.62143529011,-1.12380407974718,-1.666955694865502,5956.62143529011,-1.115341430843475,-1.654498065653942
6309.573444801938,-1.125132257239704,-1.557399517283297,6309.573444801938,-1.116664862663853,-1.545760957014396
6683.439175686151,-1.126050300678548,-1.453011504299163,6683.439175686151,-1.117580666737944,-1.442153377272301
7079.457843841385,-1.126570056005838,-1.353449599700787,7079.457843841385,-1.11810066174671,-1.343335829599354
7498.942093324564,-1.126698154683424,-1.258388157786838,7498.942093324564,-1.118231484268169,-1.248985104662101
7943.282347242821,-1.126436116535328,-1.167516992751278,7943.282347242821,-1.117974691574525,-1.158793337170775
8413.951416451957,-1.125780396757538,-1.08054049259286,8413.951416451957,-1.117326808936258,-1.072467126461503
8912.509381337462,-1.124722360360912,-0.997176799016279,8912.509381337462,-1.116279304832789,-0.9897267225684814
9440.608762859241,-1.123248203757664,-0.9171570596816137,9440.608762859241,-1.114818513639994,-0.9103052840967107
10000.00000000001,-1.121338804693575,-0.8402247530323068,10000.00000000001,-1.112925487144404,-0.8339482081245232
10592.5372517729,-1.118969517794818,-0.7661350918180964,10592.5372517729,-1.11057579202958,-0.7604125382076539
11220.18454301964,-1.11610990641446,-0.6946545111628516,11220.18454301964,-1.107739244094901,-0.6894664562915579
11885.02227437019,-1.112723411682702,-0.6255602473194176,11885.02227437019,-1.104379580108886,-0.6208888646286943
12589.25411794168,-1.108766964028113,-0.5586400188325754,12589.25411794168,-1.100454072529071,-0.5544690693346704
13335.21432163325,-1.104190531352304,-0.4936918198322551,13335.21432163325,-1.095913081318334,-0.490006575232892
14125.37544622756,-1.098936610252049,-0.4305238392994019,14125.37544622756,-1.09069954920716,-0.4273110057268585
14962.35656094435,-1.092939664361875,-0.3689545241385333,14962.35656094435,-1.084748444399795,-0.3662021655418297
15848.93192461115,-1.086125510848894,-0.3088128059076783,15848.93192461115,-1.077986152046573,-0.3065102651835538
16788.04018122562,-1.078410669357205,-0.2499385129727175,16788.04018122562,-1.070329827910163,-0.2480763308768237
17782.79410038924,-1.069701679716576,-0.1921829992256918,17782.79410038924,-1.061686721551501,-0.1907528279820689
18836.49089489802,-1.059894415773297,-0.135410016770604,18836.49089489802,-1.051953495369564,-0.1344045272928123
19952.62314968881,-1.048873412730125,-0.07949687341423055,19952.62314968881,-1.041015557093637,-0.07890965385450753
21134.89039836648,-1.036511254124036,-0.02433590924563281,21134.89039836648,-1.028746451454014,-0.02416135248201801
22387.21138568341,-1.02266805797524,0.03016365835900072,22387.21138568341,-1.015007350269769,0.02993048105713403
23713.73705661657,-1.00719114247796,0.08407348247639369,23713.73705661657,-0.9996467207233787,0.08343696465456026
25118.86431509582,-0.9899149492792959,0.137443380090532,25118.86431509582,-0.9825002492955305,0.1364075435134363
26607.25059798812,-0.9706613450191274,0.1902981355614487,26607.25059798812,-0.9633911410701276,0.1888668178708742
28183.82931264456,-0.9492404486456251,0.2426337917156486,28183.82931264456,-0.9421309409617811,0.2408108613956971
29853.82618917962,-0.9254521643591838,0.2944134227497445,29853.82618917962,-0.918521055195339,0.2922030260751377
31622.77660168382,-0.8990886493572851,0.3455624319652454,31622.77660168382,-0.8923552006175113,0.3429692750871335
33496.54391578279,-0.8699379751793229,0.3959634626485358,33496.54391578279,-0.863423038679499,0.3929931317461177
35481.33892335757,-0.837789288701606,0.4454510992044591,35481.33892335757,-0.8315152977207031,0.4421104205272623
37583.74042884444,-0.8024397908048477,0.4938066424246871,37583.74042884444,-0.7964306995294801,0.4901040811491961
39810.71705534976,-0.76370385613087,0.5407533956688808,39810.71705534976,-0.7579850107614879,0.5366994902332699
42169.65034285826,-0.721424555653466,0.5859530630911505,42169.65034285826,-0.7160224791507634,0.5815608865971005
44668.35921509634,-0.6754877336030625,0.6290040840244625,44668.35921509634,-0.6704298051805911,0.6242897178713395
47315.12589614809,-0.6258385620697869,0.6694429170742102,47315.12589614809,-0.6211525726179649,0.6644259151261964
50118.72336272727,-0.5725001589671213,0.7067494854076416,50118.72336272727,-0.568213727138287,0.7014532972806696
53088.44442309887,-0.51559336702491,0.7403580583064603,53088.44442309887,-0.5117332070148861,0.7348103713080965
56234.13251903495,-0.4553561759926344,0.7696747729329361,56234.13251903495,-0.451947220132096,0.7639077225365154
59566.21435290109,-0.392160572595347,0.794102618615097,59566.21435290109,-0.3892249676375413,0.788152811928869
63095.73444801938,-0.3265239407064656,0.8130739809897278,63095.73444801938,-0.3240799588209735,0.8069822764420359
66834.39175686151,-0.2591117018705005,0.8260896909974422,66834.39175686151,-0.2571726317761808,0.8199006856116913
70794.57843841385,-0.1907279318221839,0.8327619977890697,70794.57843841385,-0.189301040488532,0.82652319251958
74989.42093324565,-0.1222914897776978,0.832857214597212,74989.42093324565,-0.1213771626986014,0.8266178603860318
79432.82347242822,-0.05479692293923538,0.8263323473694882,79432.82347242822,-0.05438809739328385,0.820142016850698
84139.51416451958,0.01073800485807388,0.8133593950223125,84139.51416451958,0.01065601362419552,0.8072663722857557
89125.09381337464,0.07333329701610311,0.7943317462742675,89125.09381337464,0.07278251278640169,0.788381368754727
94406.08762859243,0.132108760884525,0.7698494753231556,94406.08762859243,0.1311177988734592,0.7640825858695075
100000.0000000001,0.1863384366908852,0.7406840365801196,100000.0000000001,0.1849413483005706,0.7351356999889406
105925.372517729,0.2354896810855822,0.7077269100840682,105925.372517729,0.2337245060344565,0.7024255142721216
112201.8454301965,0.2792421394385638,0.6719298114419799,112201.8454301965,0.2771493157085445,0.6668966164698356
118850.222743702,0.3174859263175797,0.6342451021833617,118850.222743702,0.3151067139603651,0.6294942355188642
125892.5411794169,0.3503021075581859,0.5955738344340912,125892.5411794169,0.3476771585056542,0.5911126754058132
133352.1432163326,0.377930947260359,0.5567261717127104,133352.1432163326,0.3750991131156117,0.5525560323273989
141253.7544622756,0.4007339581683143,0.5183958882183053,141253.7544622756,0.3977313822119865,0.5145128849523066
149623.5656094435,0.4191550228839402,0.4811482124609398,149623.5656094435,0.4160145232555594,0.4775442290885832
158489.3192461116,0.4336844124508088,0.4454188048103898,158489.3192461116,0.4304351348565156,0.4420824628369858
167880.4018122563,0.4448280257086794,0.4115210729466723,167880.4018122563,0.4414953264528159,0.4084386472805021
177827.9410038925,0.4530829212820612,0.379659032699857,177827.9410038925,0.449688433639825,0.3768152708906276
188364.9089489803,0.4589192870469404,0.3499432562502064,188364.9089489803,0.4554811225755979,0.3473220783543236
199526.2314968882,0.4627683816965094,0.3224079184954162,199526.2314968882,0.4593014218939884,0.3199929892106749
211348.903983665,0.4650156134539027,0.2970274631754465,211348.903983665,0.4615318532271781,0.294802639159442
223872.1138568343,0.4659977554949254,0.2737318910757702,223872.1138568343,0.4625066674785676,0.2716815537438785
237137.3705661659,0.4660032759851931,0.2524200917795991,237137.3705661659,0.4625121723633278,0.2505293802693209
251188.6431509584,0.4652748409388626,0.2329709743943025,251188.6431509584,0.4617892165187277,0.2312259351527537
266072.5059798813,0.4640131867636046,0.2152523975236217,266072.5059798813,0.4605370330340457,0.2136400670166941
281838.2931264458,0.4623817219772571,0.1991280591938167,281838.2931264458,0.4589178066891779,0.1976364950265987
298538.2618917964,0.4605113793443688,0.1844625970439486,298538.2618917964,0.4570614897486689,0.183080870878955
316227.7660168384,0.4585053827873428,0.1711251871611985,316227.7660168384,0.4550705331654675,0.1698433506872281
334965.4391578281,0.4564437134271084,0.1589919288219881,334965.4391578281,0.4530243191725879,0.1578009618561344
354813.389233576,0.4543871506006344,0.1479472815492139,354813.389233576,0.4509831720203979,0.1468390294129245
375837.4042884447,0.4523808323246477,0.1378847852496531,375837.4042884447,0.4489918917877962,0.1368518907116339
398107.1705534979,0.4504573263447854,0.128707255488903,398107.1705534979,0.4470828024178041,0.1277430892811597
421696.5034285829,0.4486392306114745,0.1203266145777558,421696.5034285829,0.4452783327209019,0.119425207166607
446683.5921509638,0.446941344541502,0.1126634729872943,446683.5921509638,0.4435931713716221,0.1118194494924211
473151.2589614813,0.4453724551630772,0.1056465609712118,473151.2589614813,0.4420360396819889,0.1048550803216456
501187.2336272731,0.4439367892674589,0.09921207515176635,501187.2336272731,0.4406111328699955,0.09846877416561692
530884.4442309892,0.4426351791569615,0.09330299132075889,530884.4442309892,0.4393192770834454,0.09260393390718681
562341.3251903499,0.4414659867211626,0.08786837816334958,562341.3251903499,0.4381588465504972,0.0872100096875876
595662.1435290114,0.4404258259694459,0.08286273515389263,595662.1435290114,0.4371264807030205,0.08224184175564149
630957.3444801943,0.439510118999147,0.0782453699293041,630957.3444801943,0.4362176359831745,0.07765904249517412
668343.9175686156,0.438713515588639,0.0739798239756546,668343.9175686156,0.4354270022921802,0.07342542642475514
707945.784384139,0.438030201989247,0.07003335164787476,707945.784384139,0.4347488094703174,0.06950849311915069
749894.2093324569,0.4374541206129058,0.06637645418213974,749894.2093324569,0.4341770453407734,0.06587896470595529
794328.2347242826,0.4369791188207606,0.06298246872473852,794328.2347242826,0.4337056033829845,0.06251037798131608
841395.1416451962,0.4365990422438015,0.05982721097727089,841395.1416451962,0.4333283753561074,0.0593787297235684
891250.9381337467,0.4363077858652432,0.05688866846986294,891250.9381337467,0.4330393019985045,0.05646217226859774
944060.8762859247,0.4360993137787591,0.0541467437071774,944060.8762859247,0.4328323926384817,0.05374075857936145
1000000.000000001,0.4359676579311764,0.05158304066418329,1000000.000000001,0.4327017239468301,0.05119623034046291
1059253.72517729,0.4359069038634118,0.04918069380389964,1059253.72517729,0.4326414257852036,0.04881184825380543
1122018.454301965,0.4359111711754289,0.04692423336040431,1122018.454301965,0.4326456618171743,0.046572258334662
1188502.22743702,0.4359745949856051,0.04479948235237018,1188502.22743702,0.4327086111071349,0.04446338969284802
1258925.411794169,0.4360913133781661,0.04279348140058344,1258925.411794169,0.4328244556617721,0.04247237991464393
1333521.432163326,0.4362554651530835,0.04089443294889623,1333521.432163326,0.4329873781970072,0.04058751970103164
1412537.544622756,0.4364612001509649,0.03909166086000038,1412537.544622756,0.4331915723858001,0.03879821276439611
1496235.656094436,0.4367027033447125,0.0373755788118881,1496235.656094436,0.4334312667692607,0.03709494446320658
1584893.192461116,0.436974232446344,0.03573766003730311,1584893.192461116,0.4337007620818427,0.03546925176794932
1678804.018122563,0.4372701668962873,0.03417040601991278,1678804.018122563,0.4339944798741295,0.03391369218642388
1778279.410038925,0.4375850655360084,0.03266730668530794,1778279.410038925,0.4343070197527847,0.03242180426099924
1883649.089489803,0.437913728736017,0.03122279197556938,1883649.089489803,0.4346332210438229,0.03098805949783341
1995262.314968882,0.4382512608275081,0.02983217091617159,1995262.314968882,0.4349682247563694,0.0296078018924574
2113489.03983665,0.4385931282492848,0.02849156010420617,2113489.03983665,0.4353075312939271,0.02827717695469891
2238721.138568343,0.4389352095696729,0.02719780182874317,2238721.138568343,0.4356470501018368,0.02699305043832373
2371373.705661659,0.4392738342070913,0.02594837452496588,2371373.705661659,0.4359831380975842,0.02575291946865433
2511886.431509584,0.4396058077649881,0.024741298683147,2511886.431509584,0.4363126248160488,0.02455481915465408
2660725.059798813,0.4399284230062823,0.0235750423854388,2660725.059798813,0.4366328233018315,0.02339722883123503
2818382.931264458,0.4402394567450988,0.02244842890334198,2818382.931264458,0.4369415270241691,0.02227898035023811
2985382.618917964,0.440537153776842,0.02136055000115608,2985382.618917964,0.4372369939274733,0.02119917203141401
3162277.660168384,0.4408201997338933,0.02031068780375143,3162277.660168384,0.4375179194903274,0.0201570911157452
3349654.391578281,0.4410876852898636,0.01929824617311966,3349654.391578281,0.4377834011980007,0.01915214565312173
3548133.892335759,0.4413390642519242,0.0183226929582717,3548133.892335759,0.438032896948608,0.01818380718634673
3758374.042884447,0.4415741080569887,0.01738351361141087,3758374.042884447,0.4382661798902427,0.01725156471228964
3981071.705534978,0.4417928590112973,0.01648017518501919,3981071.705534978,0.4384832920108199,0.01635488894828944
4216965.034285828,0.4419955842027018,0.01561210042672406,4216965.034285828,0.4386844983956093,0.01549320662002236
4466835.921509637,0.4421827316557162,0.01477865053376526,4466835.921509637,0.4388702437107488,0.01466588334323904
4731512.589614811,0.4423548898513471,0.01397911539394161,4731512.589614811,0.4390411120262697,0.0138722139375053
5011872.33627273,0.442512751354999,0.01321270975670529,5011872.33627273,0.4391977907164545,0.01311141862444993
5308844.442309891,0.4426570809277336,0.01247857423345622,5308844.442309891,0.4393410388099566,0.01238264401900823
5623413.251903499,0.442788688228854,0.01177577973796342,5623413.251903499,0.4394716598968285,0.01168496753528693
5956621.435290113,0.4429084049914201,0.01110333424707921,5956621.435290113,0.439590479474986,0.01101740409461538
6309573.444801942,0.443017066382074,0.01046019130405283,6309573.444801942,0.4396983264495781,0.01037891456481852
6683439.175686155,0.4431154961862547,0.009845259008410372,6683439.175686155,0.4397960184291632,0.009768414679329021
7079457.843841389,0.4432044953647301,0.009257409520188676,7079457.843841389,0.4398843503678538,0.009184784469748259
7498942.093324569,0.443284833548224,0.008695488041009242,7498942.093324569,0.4399640861235852,0.008626877177373201
7943282.347242827,0.4433572430091688,0.008158321429503689,7943282.347242827,0.4400359524749394,0.00809352780144974
8413951.416451963,0.4434224146975594,0.007644725998325084,8413951.416451963,0.4401006351865657,0.007583560836616935
8912509.381337468,0.4434809959534363,0.007153514494520568,8912509.381337468,0.4401587767386901,0.007095797198021957
9440608.762859248,0.4435335895556362,0.006683502155993212,9440608.762859248,0.4402109753828548,0.006629060229853903
10000000.00000001,0.4435807538120508,0.006233511744947553,10000000.00000001,0.4402577852313251,0.006182180699865587
10592537.2517729,0.4436230034329593,0.005802377826679352,10592537.2517729,0.4402997171237363,0.00575400104128862
11220184.54301965,0.4436608109820209,0.005388950129826049,11220184.54301965,0.4403372400669947,0.005343378686919434
11885022.2743702,0.4436946087294538,0.004992096097948919,11885022.2743702,0.440370783074369,0.004949188597581216
12589254.11794169,0.4437247907671586,0.004610702771900629,12589254.11794169,0.4404007372645162,0.004570325127822532
13335214.32163326,0.4437517152761277,0.004243678013301793,13335214.32163326,0.440427458111638,0.004205703236071253
14125375.44622757,0.4437757068599026,0.003889951216418054,14125375.44622757,0.440451267761144,0.003854259188106272
14962356.56094436,0.4437970588799899,0.003548473468527343,14962356.56094436,0.4404724573472241,0.003514950712447383
15848931.92461116,0.443816035744184,0.003218217328285076,15848931.92461116,0.4404912892636422,0.003186756776097909
16788040.18122563,0.4438328751140299,0.002898176219651603,16788040.18122563,0.4405079993542219,0.002868676979076995
17782794.10038926,0.4438477900063983,0.00258736352501121,17782794.10038926,0.4405227989981894,0.002559730649403471
18836490.89489803,0.4438609707739928,0.002284811402122309,18836490.89489803,0.440535877075287,0.002258955664507887
19952623.14968883,0.4438725869542314,0.001989569395124934,19952623.14968883,0.4405474018001871,0.001965407067177506
21134890.3983665,0.4438827889815847,0.00170070280264417,21134890.3983665,0.4405575224213006,0.001678155441150053
22387211.38568343,0.4438917097605039,0.001417290907730716,22387211.38568343,0.440566370781142,0.001396285148034944
23713737.05661659,0.4438994660985213,0.001138425083707653,23713737.05661659,0.440574062737812,0.001118892441566708
25118864.31509584,0.4439061600019643,0.0008632067195254844,25118864.31509584,0.4405806994500193,0.0008450834022179708
26607250.59798814,0.4439118798354613,0.0005907450834131986,26607250.59798814,0.4405863685267915,0.0005739718100853518
28183829.31264459,0.4439167013490192,0.0003201550585477412,28183829.31264459,0.4405911450456155,0.0003046768902754853
29853826.18917965,0.4439206885757337,5.055481563321365e-05,29853826.18917965,0.4405950924420275,3.6320995629004e-05
31622776.60168385,0.4439238946038572,-0.0002189366331961827,31622776.60168385,0.4405982632743345,-0.0002319728292363886
33496543.91578282,0.4439263622259858,-0.0004892019010739876,33496543.91578282,0.4406006998661818,-0.0005010833045343392
35481338.92335761,0.4439281244692168,-0.0007611278139505855,35481338.92335761,0.4406024348307693,-0.0007718934923409631
37583740.42884448,0.4439292050082278,-0.001035608028895864,37583740.42884448,0.4406034914786301,-0.001045293404719598
39810717.0553498,0.4439296184640226,-0.001313545752158371,39810717.0553498,0.4406038841116602,-0.001322182711515013
42169650.3428583,0.4439293705888129,-0.00159585649283613,42169650.3428583,0.4406036182038374,-0.00160347348378685
44668359.21509639,0.4439284583383157,-0.001883470920213405,44668359.21509639,0.4406026904698601,-0.001890093041074709
47315125.89614813,0.443926869830721,-0.002177337766193074,47315125.89614813,0.4406010888209282,-0.002182986843765453
50118723.36272731,0.4439245841902261,-0.002478426826709962,50118723.36272731,0.4405987922055286,-0.002483121484506824
53088444.42309893,0.4439215712732249,-0.002787732038784891,53088444.42309893,0.4405957703332786,-0.002791487755460413
56234132.51903501,0.4439177912722193,-0.003106274632595968,56234132.51903501,0.4405919832768732,-0.003109103790485367
59566214.35290115,0.4439131941927117,-0.003435106400601003,59566214.35290115,0.4405873809473649,-0.003437018324730979
63095734.44801944,0.4439077191949755,-0.003775313058612075,63095734.44801944,0.4405819024346641,-0.003776314045694291
66834391.75686158,0.4439012937933204,-0.004128017701535328,66834391.75686158,0.4405754752058456,-0.004128111039678543
70794578.43841392,0.4438938329010578,-0.00449438440387661,70794578.43841392,0.4405680141494703,-0.004493570382415857
74989420.93324572,0.4438852377095037,-0.004875621905802354,74989420.93324572,0.4405594204542407,-0.004873897815633728
79432823.47242829,0.4438753943862489,-0.005272987468049338,79432823.47242829,0.4405495803072181,-0.005270347592264465
84139514.16451965,0.4438641725756031,-0.005687790838821053,84139514.16451965,0.4405383633945095,-0.00568422643360186
89125093.81337471,0.4438514236822471,-0.006121398368050591,89125093.81337471,0.4405256211854554,-0.006116897633999438
94406087.62859251,0.4438369789155557,-0.006575237292947908,94406087.62859251,0.440511184977798,-0.006569785336264569
100000000.0000002,0.4438206470697406,-0.007050800166762892,100000000.0000002,0.4404948636789766,-0.007044378950611695
105925372.5177291,0.4438022120112955,-0.007549649443373102,105925372.5177291,0.4404764412950568,-0.007542237729181058
112201845.4301965,0.4437814298416681,-0.00807342226160716,112201845.4301965,0.4404556740952337,-0.008064995539959298
118850222.7437021,0.4437580256991374,-0.008623835369978568,118850222.7437021,0.4404322874159103,-0.00861436578113218
125892541.1794169,0.4437316901594949,-0.00920269025152857,125892541.1794169,0.4404059720639791,-0.009192146495150551
133352143.2163326,0.4437020751903337,-0.009811878404578908,133352143.2163326,0.4403763802741412,-0.00980022563867314
141253754.4622757,0.4436687896081806,-0.01045338681337803,141253754.4622757,0.4403431211695404,-0.01044058654193451
149623565.6094436,0.4436313939826099,-0.01112930356921895,149623565.6094436,0.4403057556698919,-0.01111531351846707
158489319.2461116,0.4435893949243196,-0.01184182366357558,158489319.2461116,0.4402637907841368,-0.011826597646471
167880401.8122563,0.4435422386879332,-0.01259325491318747,167880401.8122563,0.4402166732184457,-0.01257674268179496
177827941.0038926,0.4434893040121428,-0.0133860240165725,177827941.0038926,0.4401637822222497,-0.01336817110210663
188364908.9489804,0.4434298941126584,-0.01422268270435925,188364908.9489804,0.4401044215878334,-0.01420343024446891
199526231.4968883,0.4433632277335176,-0.01510591395265685,199526231.4968883,0.4400378107091329,-0.01508519850563406
211348903.983665,0.4432884291540114,-0.01603853821925877,211348903.983665,0.4399630745970766,-0.01601629156485412
223872113.8568344,0.4432045170378684,-0.01702351963827052,223872113.8568344,0.4398792327382185,-0.01699966856472905
237137370.566166,0.4431103920015952,-0.01806397210820095,237137370.566166,0.4397851866736688,-0.01803843818527087
251188643.1509585,0.4430048227672176,-0.01916316519441318,251188643.1509585,0.439679706163693,-0.0191358645319506
266072505.9798815,0.4428864307544745,-0.02032452972447995,266072505.9798815,0.4395614137931655,-0.02029537271647001
281838293.1264459,0.4427536729560971,-0.02155166296374477,281838293.1264459,0.4394287678616607,-0.02152055401745976
298538261.8917965,0.4426048229289431,-0.02284833320598718,298538261.8917965,0.4392800433911109,-0.02281517045621024
316227766.0168386,0.4424379497242575,-0.02421848359730233,316227766.0168386,0.4391133110744838,-0.02418315860551129
334965439.1578283,0.4422508945710574,-0.02566623496564591,334965439.1578283,0.4389264139796652,-0.02562863240424373
354813389.2335762,0.4420412451209452,-0.02719588739177251,354813389.2335762,0.4387169418170592,-0.02715588471356476
375837404.2884449,0.4418063070580969,-0.02881192020311923,375837404.2884449,0.4384822025748702,-0.02876938729639441
398107170.5534981,0.4415430728799083,-0.03051899001876182,398107170.5534981,0.4382191913277843,-0.03047378884858976
421696503.4285831,0.4412481876597037,-0.03232192640232619,421696503.4285831,0.437924556030696,-0.03227391063888124
446683592.1509641,0.4409179116174868,-0.03422572461021175,446683592.1509641,0.4375945601237125,-0.03417473924532353
473151258.9614815,0.4405480793492874,-0.03623553483718674,473151258.9614815,0.4372250417992444,-0.0361814157905907
501187233.6272734,0.440134055602832,-0.03835664726419604,501187233.6272734,0.4368113698191659,-0.03829922098147588
530884444.2309895,0.4396706875422545,-0.04059447210627632,530884444.2309895,0.4363483958249994,-0.04053355515100717
562341325.1903503,0.439152253518038,-0.04295451375451207,562341325.1903503,0.4358304031575503,-0.04288991239765017
595662143.5290117,0.4385724084609819,-0.04544233796864364,595662143.5290117,0.4352510523049675,-0.04537384777900741
630957344.4801946,0.4379241261497224,-0.04806353095662143,630957344.4801946,0.4346033232289048,-0.04799093639708994
668343917.568616,0.4371996387719383,-0.05082364904043602,668343917.568616,0.4338794549889894,-0.05074672307542048
707945784.3841394,0.4363903744157695,-0.05372815747718488,707945784.3841394,0.4330708833020929,-0.05364666119804479
749894209.3324574,0.4354868933942642,-0.0567823568833562,749894209.3324574,0.4321681769390739,-0.05669603915961276
794328234.7242832,0.4344788246375234,-0.05999129560686114,794328234.7242832,0.431160974193336,-0.05989989277242256
841395141.6451969,0.4333548037817841,-0.06335966632473014,841395141.6451969,0.4300379210499098,-0.06326290190985985
891250938.1337475,0.4321024150591916,-0.06689168512524814,891250938.1337475,0.4287866131580145,-0.06678926964659405
944060876.2859254,0.4307081396405157,-0.07059095139398683,944060876.2859254,0.4273935442582241,-0.07048258221676128
1000000000,0.4291573137139997,-0.0744602869764977,1000000000,0.425844064345913,-0.07434564826468709
